{"cameraMode":{"drawMode":0,"name":"Shaded","section":"Shading Mode"},"sceneLighting":false,"audioPlay":false,"sceneViewState":{"m_AlwaysRefresh":false,"showFog":true,"showSkybox":false,"showFlares":true,"showImageEffects":true,"showParticleSystems":true,"showVisualEffectGraphs":true,"m_FxEnabled":true},"in2DMode":false,"pivot":{"x":0.4164844751358032,"y":1.6422041654586793,"z":0.40854108333587649},"rotation":{"x":0.044983841478824618,"y":0.007492471020668745,"z":-0.000337712379405275,"w":0.9989626407623291},"size":1.3313632011413575,"orthographic":false}